"","Parameters","EF","SF","change"
"1","carbon_to_mass_factor",0.35,0.35,0
"2","Leaf_utilization_rate_constant",0.00262,0.00262,0
"3","Stem_utilization_rate_constant",0.03,0.03,0
"4","Root_utilization_rate_constant",0.06,0.06,0
"5","Pod_utilization_rate_constant",0.31,0.31,0
"6","Leaf_utilization_km",0.14,0.14,0
"7","Stem_utilization_km",0.29,0.29,0
"8","Root_utilization_km",0.32,0.32,0
"9","Pod_utilization_km",0.13,0.13,0
"10","respiration_factor",0.1,0.1,0
"11","substrate_conductance_Leaf_to_Stem",0.05,0.05,0
"12","substrate_conductance_Stem_to_Root",0.32,0.32,0
"13","substrate_conductance_Stem_to_Pod",1.51,1.51,0
"14","Leaf_senescence_fraction_max",0.02,0.02,0
"15","Stem_senescence_fraction_max",0.001974,0.001974,0
"16","Root_senescence_fraction_max",0.006506,0.006506,0
"17","Leaf_senescence_alpha",9.11,9.11,0
"18","Stem_senescence_alpha",4.09,4.09,0
"19","Root_senescence_alpha",1.66,1.66,0
"20","Leaf_senescence_beta",1.84,1.84,0
"21","Stem_senescence_beta",1.96,1.96,0
"22","Root_senescence_beta",1.98,1.98,0
"23","senescence_reuse_factor",1,1,0
"24","Pod_start_dvi",1.15,1.28,-9.86125000000001
"25","stop_growth_dvi",2.01,2.01,0
