year,CO2,treatment,ring,block,Date,DOY,LAI
2004,370,control,17,5,14-Jun-04,166.00,0.17
2004,370,control,24,6,14-Jun-04,166.00,0.19
2004,370,control,25,7,14-Jun-04,166.00,0.14
2004,370,control,32,8,14-Jun-04,166.00,0.19
2004,370,control,17,5,22-Jun-04,174.00,0.67
2004,370,control,24,6,22-Jun-04,174.00,0.73
2004,370,control,25,7,22-Jun-04,174.00,0.55
2004,370,control,32,8,22-Jun-04,174.00,0.60
2004,370,control,17,5,28-Jun-04,180.00,1.34
2004,370,control,24,6,28-Jun-04,180.00,1.49
2004,370,control,25,7,28-Jun-04,180.00,1.09
2004,370,control,32,8,28-Jun-04,180.00,1.14
2004,370,control,17,5,5-Jul-04,187.00,2.89
2004,370,control,24,6,5-Jul-04,187.00,2.69
2004,370,control,25,7,5-Jul-04,187.00,1.97
2004,370,control,32,8,5-Jul-04,187.00,1.99
2004,370,control,17,5,12-Jul-04,194.00,2.48
2004,370,control,24,6,12-Jul-04,194.00,2.96
2004,370,control,25,7,12-Jul-04,194.00,3.74
2004,370,control,32,8,12-Jul-04,194.00,3.78
2004,370,control,17,5,19-Jul-04,201.00,5.84
2004,370,control,24,6,19-Jul-04,201.00,5.82
2004,370,control,25,7,19-Jul-04,201.00,5.28
2004,370,control,17,5,26-Jul-04,208.00,6.54
2004,370,control,24,6,26-Jul-04,208.00,6.81
2004,370,control,25,7,26-Jul-04,208.00,6.05
2004,370,control,32,8,26-Jul-04,208.00,6.35
2004,370,control,17,5,3-Aug-04,216.00,7.75
2004,370,control,24,6,3-Aug-04,216.00,6.88
2004,370,control,25,7,3-Aug-04,216.00,5.61
2004,370,control,32,8,3-Aug-04,216.00,6.43
2004,370,control,17,5,9-Aug-04,222.00,7.06
2004,370,control,24,6,9-Aug-04,222.00,6.72
2004,370,control,25,7,9-Aug-04,222.00,5.36
2004,370,control,32,8,9-Aug-04,222.00,6.64
2004,370,control,17,5,16-Aug-04,229.00,6.41
2004,370,control,24,6,16-Aug-04,229.00,6.52
2004,370,control,25,7,16-Aug-04,229.00,6.02
2004,370,control,32,8,16-Aug-04,229.00,6.32
2004,370,control,17,5,22-Aug-04,235.00,6.14
2004,370,control,24,6,22-Aug-04,235.00,5.63
2004,370,control,25,7,22-Aug-04,235.00,5.74
2004,370,control,32,8,22-Aug-04,235.00,5.56
2004,370,control,17,5,30-Aug-04,243.00,4.99
2004,370,control,24,6,30-Aug-04,243.00,4.63
2004,370,control,25,7,30-Aug-04,243.00,3.78
2004,370,control,32,8,30-Aug-04,243.00,5.09
2004,370,control,17,5,6-Sep-04,250.00,4.68
2004,370,control,24,6,6-Sep-04,250.00,4.37
2004,370,control,25,7,6-Sep-04,250.00,4.55
2004,370,control,32,8,6-Sep-04,250.00,6.02
2004,370,control,17,5,15-Sep-04,259.00,2.44
2004,370,control,24,6,15-Sep-04,259.00,1.99
2004,370,control,25,7,15-Sep-04,259.00,1.93
2004,370,control,32,8,15-Sep-04,259.00,1.60
2004,370,control,17,5,22-Sep-04,266.00,1.03
2004,370,control,24,6,22-Sep-04,266.00,0.93
2004,370,control,25,7,22-Sep-04,266.00,0.84
2004,370,control,32,8,22-Sep-04,266.00,0.82
2004,370,control,17,5,28-Sep-04,272.00,0.79
2004,370,control,24,6,28-Sep-04,272.00,0.81
2004,370,control,25,7,28-Sep-04,272.00,0.73
2004,370,control,32,8,28-Sep-04,272.00,0.70