"","2021 -10%","2021 +10%","2022 -10%","2022 +10%","2023 -10%","2023 +10%"
"Leaf_utilization_rate_constant","-10.39%","5.96%","-8.65%","3.3%","-7.29%","2.11%"
"Stem_utilization_rate_constant","27.48%","-27.2%","27.35%","-27.69%","27.18%","-27.91%"
"Root_utilization_rate_constant","-24.58%","18.93%","-26.53%","20.81%","-26.82%","21.02%"
"Pod_utilization_rate_constant","0.07%","-0.1%","0.4%","-0.39%","0.14%","-0.15%"
"Leaf_utilization_km","5.03%","-12.25%","1.18%","-10.34%","-0.43%","-8.44%"
"Stem_utilization_km","-48.13%","41.19%","-49.16%","40.69%","-49.27%","40.15%"
"Root_utilization_km","34.44%","-38.68%","37.91%","-41.04%","38.42%","-41.55%"
"Pod_utilization_km","-0.19%","0.28%","-0.84%","0.66%","-0.27%","0.24%"
"Stem_respiration_factor","-4.8%","4.7%","-4.91%","4.72%","-4.9%","4.73%"
"Root_respiration_factor","5.99%","-6.16%","6.44%","-6.63%","6.5%","-6.67%"
"Pod_respiration_factor","-0.04%","0.04%","-0.24%","0.23%","-0.08%","0.08%"
"substrate_conductance_Leaf_to_Stem","2.2%","-2.33%","1.39%","-1.71%","0.91%","-1.31%"
"substrate_conductance_Stem_to_Root","-2.67%","2.18%","-2.88%","2.32%","-2.91%","2.37%"
"substrate_conductance_Stem_to_Pod","0.55%","-0.22%","0.86%","-0.91%","0.29%","-0.3%"
"Leaf_senescence_fraction_max","0%","0%","-0.01%","0.01%","-0.01%","0.01%"
"Stem_senescence_fraction_max","0%","0%","0%","0%","0%","0%"
"Root_senescence_fraction_max","5.39%","-4.92%","6.38%","-6.07%","6.29%","-5.92%"
"Leaf_senescence_alpha","-0.02%","0%","0.05%","-0.03%","0.11%","-0.06%"
"Stem_senescence_alpha","0.02%","-0.01%","0.03%","-0.01%","0.03%","-0.01%"
"Root_senescence_alpha","-5.25%","4.99%","-6.08%","5.8%","-6.14%","5.87%"
"Leaf_senescence_beta","-0.05%","0%","0.19%","-0.06%","0.41%","-0.09%"
"Stem_senescence_beta","0.07%","-0.01%","0.1%","-0.02%","0.09%","-0.02%"
"Root_senescence_beta","-9.72%","9.74%","-11.68%","11.23%","-11.46%","11.13%"
"Leaf_senescence_reuse_factor","-0.03%","0.03%","-0.04%","0.04%","-0.04%","0.04%"
"Stem_senescence_reuse_factor","0%","0%","-0.01%","0.01%","-0.01%","0.01%"
"Root_senescence_reuse_factor","-1.29%","1.31%","-1.44%","1.47%","-1.47%","1.5%"
"Pod_start_dvi","-11.75%","5.77%","-14.93%","6.9%","-11.57%","4.96%"
"stop_growth_dvi","0%","0%","0%","0%","0%","0%"
