"","Min (-10%)","Max (-10%)","Min (+10%)","Max (+10%)"
"Leaf_utilization_rate_constant",-6.76,15.83,-20.53,-4.25
"Stem_utilization_rate_constant",-5.35,1.25,-3.12,2.74
"Root_utilization_rate_constant",-2.89,0.29,-0.93,2
"Pod_utilization_rate_constant",-1.89,-1.04,0.91,1.58
"Leaf_utilization_km",-19.95,-4.07,-5.58,12.8
"Stem_utilization_km",-5.12,1.26,-4.08,1.74
"Root_utilization_km",-2.24,3.81,-4.66,0.15
"Pod_utilization_km",1.43,2.85,-2.93,-1.39
"Stem_respiration_factor",-0.72,1.22,-1.58,0.5
"Root_respiration_factor",-0.26,0.93,-0.9,0.21
"Pod_respiration_factor",4.1,4.68,-4.68,-4.25
"substrate_conductance_Leaf_to_Stem",-4.36,0.01,-0.67,3.54
"substrate_conductance_Stem_to_Root",-0.8,-0.01,-0.25,0.51
"substrate_conductance_Stem_to_Pod",-2.67,-1.48,1.19,2.2
"Leaf_senescence_fraction_max",0.74,2.17,-2.28,-0.7
"Stem_senescence_fraction_max",-0.13,0.13,-0.12,0.2
"Root_senescence_fraction_max",-0.34,0.31,-0.5,0.22
"Leaf_senescence_alpha",-3.5,0.88,-1.07,2.68
"Stem_senescence_alpha",-0.3,0.09,-0.18,0.11
"Root_senescence_alpha",-0.21,0.25,-0.12,0.09
"Leaf_senescence_beta",-34.77,-15.18,4.72,25.71
"Stem_senescence_beta",-0.26,0.26,-0.18,0.18
"Root_senescence_beta",-0.1,0.08,-0.13,0.19
"Leaf_senescence_reuse_factor",-2.38,-1.63,1.59,2.57
"Stem_senescence_reuse_factor",-1.22,-0.77,0.9,1.48
"Root_senescence_reuse_factor",-2.67,-1.47,1.63,2.65
"Pod_start_dvi",21.92,58.38,-41.01,-23.78
"stop_growth_dvi",-7.82,-3.01,0,0.07
