"","2002_ambient_+10%","2004_ambient_+10%","2005_ambient_+10%","2006_ambient_+10%","2002_co2_+10%","2004_co2_+10%","2005_co2_+10%","2006_co2_+10%","2021_CO2_+10%","2022_CO2_+10%","2023_CO2_+10%","2024_CO2_+10%"
"Leaf_utilization_rate_constant",-0.0598293506264264,-0.0497838375343183,-0.140186481623786,-0.0579093956328798,-0.064680230366021,-0.0546440859409424,-0.139724402290992,-0.065812690229629,-0.0147843249421244,-0.0467300011486577,-0.0515389757908846,-0.0266164592945092
"Stem_utilization_rate_constant",0.00592544948372304,0.0047715319578679,0.0238988124812627,0.0047455127065871,0.00681538902588861,0.00582408091397492,0.0217713764828112,0.00644671952189857,-0.00932947634983779,-0.00126655649465023,-0.000168476395582737,-0.00420168670935175
"Root_utilization_rate_constant",-0.000631624702322264,-0.000618747405797703,0.00283568802199944,-0.000957311157020663,-0.000857758056951154,-0.000555383873390867,0.00217620772736436,-0.000890306188109848,-0.00432148707636289,-0.00155223496388222,-0.00128115392280703,-0.00247005960358202
"Pod_utilization_rate_constant",5.37269557565658e-06,5.27431420041372e-06,1.47915338984736e-05,4.22931828247482e-06,4.57936727087058e-06,4.8359339121429e-06,1.01323407113788e-05,4.03189322544157e-06,1.52909166210594e-06,1.44748270347253e-06,1.55058598939751e-06,1.4177020855109e-06
"Leaf_utilization_km",0.0176521323300012,0.0181302356241048,0.0627496570687764,0.0183444469683689,0.0217223805652209,0.0214210404064724,0.0583383858322758,0.0234665683491932,-0.0143994655926825,0.00213961540574644,0.00462603491816187,-0.00181292739210966
"Stem_utilization_km",-0.00729067826797737,-0.00637235302580458,-0.0235056137101752,-0.00646056816361973,-0.00737033625423656,-0.0065345549730188,-0.020731199475614,-0.00691032853508601,0.00534913027056976,-0.00168795938609441,-0.00317245563516199,0.00113656241427982
"Root_utilization_km",0.000113591628770347,0.000141100668461919,-0.00601876071647635,0.000271514009738398,0.000344375727817812,3.9529128055606e-05,-0.00468883291927951,0.000233247206408942,0.00574323852254772,0.00112649971756269,0.000650588294886302,0.00272480002565082
"Pod_utilization_km",-1.42490262730934e-05,-1.33584622638517e-05,-3.65880606937983e-05,-1.15327176869626e-05,-1.2595497790848e-05,-1.2532645223797e-05,-2.65868429543788e-05,-1.09992327325789e-05,-3.9516050530252e-06,-3.74859339028399e-06,-4.65269588619117e-06,-4.13986538777379e-06
"Stem_respiration_factor",-0.00335512864484414,-0.00288949007604423,-0.00870731736489987,-0.00307372421562681,-0.00360392060002347,-0.0030947700732133,-0.00805879775200394,-0.00347393239706885,0.000607454388370199,-0.00151589346110928,-0.00185522037695792,-0.000577292239509035
"Root_respiration_factor",-0.000354114706955826,-0.00033902843854416,-0.00168433924846859,-0.000322324657262436,-0.000419279986904328,-0.000395321551966846,-0.00148711442918277,-0.000402797286873731,0.00129677059381257,-3.84503849537229e-05,-0.000100738672644547,0.000246640628312892
"Pod_respiration_factor",-0.0310946413692985,-0.0312878458401629,-0.0319364677978517,-0.0314663428314406,-0.0312399373504424,-0.0313734239055576,-0.0319079561659733,-0.0315610280866988,-0.03115010269648,-0.0309163655321759,-0.0311245244895772,-0.0311561358166293
"substrate_conductance_Leaf_to_Stem",0.017161668644808,0.0155344117196575,0.0389402075927324,0.0182791424029285,0.0183776726401083,0.0160962991957454,0.0378661434687004,0.0196290400502644,0.00304749191126239,0.00768823588771636,0.010442121526509,0.00659823671122828
"substrate_conductance_Stem_to_Root",0.000265885589991046,0.000137603898166521,0.00128930892244674,0.000191061703218281,0.000143405079012635,0.000160742791816963,0.00105724170132577,0.000221970169589921,-0.000691165315168008,6.65650345740284e-05,8.41406898904862e-05,-0.000344463330387242
"substrate_conductance_Stem_to_Pod",0.003748194562145,0.00435995707619574,0.00669036975745165,0.00522602352636313,0.00422931360693437,0.0046447815983449,0.00642316264650352,0.00544139853480807,0.00386778370081075,0.00313288074153189,0.00383436991386048,0.0039359561253317
"Leaf_senescence_fraction_max",-0.0204748564728268,-0.0201808085416769,-0.0071116224202377,-0.0176667410206673,-0.0182011342035489,-0.0199834811145818,-0.00649828315911003,-0.0166631027454732,-0.0198677472502218,-0.0199915474036073,-0.0192950674415654,-0.018571460018046
"Stem_senescence_fraction_max",-2.04039218306208e-05,-1.92092887108448e-05,-2.28089607841219e-05,-1.86204906972635e-05,-2.03357233069219e-05,-1.92918247046571e-05,-2.21028484637564e-05,-1.78237308929412e-05,-1.3894541549868e-05,-1.51732431129066e-05,-1.5598611769649e-05,-1.42928057750262e-05
"Root_senescence_fraction_max",-0.00042458755190315,-0.000483213307077684,-0.00196233353613413,-0.000385081330586344,-0.000562558546660456,-0.000575923594571893,-0.00187716853924612,-0.00052259097490723,0.00115588548161801,-3.7120448388509e-05,-0.000104930522389894,0.000195247356751932
"Leaf_senescence_alpha",0.0238821302356939,0.0198741206409967,-0.00413840577157698,0.0191452200876837,0.0152855207315927,0.0158087066731947,-0.00936304959263154,0.0140330450519304,0.0293850013593515,0.0287142034491229,0.0271510740783984,0.0255885656375438
"Stem_senescence_alpha",9.61565245454026e-05,8.90237584501523e-05,0.000113863299535676,8.85197240801294e-05,9.49766923664522e-05,8.76614611424133e-05,0.000109435148153139,8.75530917531929e-05,6.29655426923906e-05,6.99920195735909e-05,7.29779728112741e-05,6.87456491469984e-05
"Root_senescence_alpha",0.000206234950925924,8.03610420989654e-05,0.000341836539043095,6.30321300980551e-05,8.05729221058031e-05,9.36008932656532e-05,0.000323702767482699,8.43544192895127e-05,-0.000112207904728025,5.49143108520666e-06,1.7637150708888e-05,-3.66427482593138e-05
"Leaf_senescence_beta",0.176127971693446,0.202510955396224,0.115489981850328,0.169820155105475,0.12928729361523,0.18103900514203,0.078024053135715,0.140094187770146,0.215950765805061,0.246626995546046,0.21143316408031,0.149589511932353
"Stem_senescence_beta",0.000172825013427156,0.000163013941228953,0.000191742878620194,0.000159074611653147,0.000172311421204618,0.000163120473819429,0.000187295500111349,0.000159824004667563,0.000118036777415681,0.00012866155648794,0.000132295584329167,0.000123541106782867
"Root_senescence_beta",0.000253339561779715,0.000126166630047291,0.000512042918940287,9.62551960363464e-05,0.000127866902591265,0.000148219219704485,0.000497209671524529,0.000133128254507123,-0.000159158955562435,6.47717874474945e-06,2.35886780668152e-05,-5.40315386079069e-05
"Leaf_senescence_reuse_factor",2.30297962219523e-05,2.20095670570585e-05,1.27660664217548e-05,1.95635831586214e-05,2.41914781663316e-05,2.43120068358433e-05,1.58120324697183e-05,2.00194287149826e-05,2.01295606036422e-05,1.90194435173495e-05,1.8391246721913e-05,1.95302485489942e-05
"Stem_senescence_reuse_factor",1.38309285021659e-07,1.3777736992431e-07,9.94892484553502e-08,4.33437533353688e-07,1.44924440328849e-07,1.49682010954347e-07,1.13123004715551e-07,1.29211810421966e-07,1.20744709533911e-07,1.1732199284445e-07,1.13312094742355e-07,1.16066247204992e-07
"Root_senescence_reuse_factor",1.74994814895789e-06,1.76760970905375e-06,2.02642732164534e-06,1.97113552914388e-06,1.96618110137977e-06,1.89726143829489e-06,2.16956658159324e-06,1.69770857800996e-06,1.77168446389657e-06,1.58420336992967e-06,1.4616622458342e-06,1.502797669772e-06
"Pod_start_dvi",-0.275471248333373,-0.300046073279519,-0.346277041491723,-0.306068463410762,-0.298994586696849,-0.296346329078687,-0.335952861264848,-0.31206944119339,-0.215071084117592,-0.235081797260734,-0.257948352824568,-0.250731389426345
"stop_growth_dvi",0.000278692747447295,0.000303674892076224,0.000124129924707363,0.000288302246524791,0.000383860076461328,0.000427749278317938,0.000159498255767056,0.000363832818300033,0,0.000197021880778991,0.000172006498076365,8.34726688544436e-05
