"","2002_ambient_-10%","2004_ambient_-10%","2005_ambient_-10%","2006_ambient_-10%","2002_co2_-10%","2004_co2_-10%","2005_co2_-10%","2006_co2_-10%","2021_CO2_-10%","2022_CO2_-10%","2023_CO2_-10%","2024_CO2_-10%"
"Leaf_utilization_rate_constant",0.0268522211393308,0.0209496796751344,0.128262785964625,0.0201716582575254,0.0378958886580096,0.0319978997766899,0.129392484601836,0.0366418436271417,-0.0531858030709056,-0.0131816394426595,-0.00902901307895161,-0.0226486160312492
"Stem_utilization_rate_constant",-0.0115653985423487,-0.00993992947174303,-0.0318086741149502,-0.0106581523880793,-0.0120600927878812,-0.0105689994478502,-0.0296103550378203,-0.0117346239132266,0.00392828339159669,-0.00484558649255075,-0.00640343669910292,-0.000907268254814253
"Root_utilization_rate_constant",0.000220165441775076,0.000200887774721396,-0.00358912236742934,0.000303402367130243,0.000317984266823587,0.000138844794649941,-0.00270250377045498,0.000279331449846888,0.00378219112263083,0.000838044374239525,0.000547856013492285,0.00184532187270795
"Pod_utilization_rate_constant",-7.1849706016929e-06,-6.86275302525554e-06,-1.91673374840193e-05,-6.14365857715385e-06,-6.2926056946506e-06,-6.32814011685484e-06,-1.35228188733888e-05,-5.56661538952829e-06,-2.02376962521799e-06,-1.89319542440828e-06,-2.25283718101721e-06,-2.09730104515419e-06
"Leaf_utilization_km",-0.0292446583933914,-0.0291281075976174,-0.0744832793360346,-0.0307908400146769,-0.0303007663304448,-0.0302661496483348,-0.0684764008205803,-0.0329983507610823,-0.00352608985856195,-0.0199442094342997,-0.0244608447939562,-0.0131615140348913
"Stem_utilization_km",0.0025323524237793,0.00185532540919275,0.0206704583424835,0.00148959138789969,0.0034707162008926,0.00280159737763554,0.0177718129146027,0.00294791025419011,-0.0129348834659183,-0.00528636473224085,-0.00406597108782029,-0.00798432684766983
"Root_utilization_km",-0.00220050578785788,-0.00187813514435604,0.00502887460747206,-0.00280996153690389,-0.00241244261449288,-0.0017155963472204,0.00362647860634567,-0.00258080697472281,-0.0096104797414126,-0.00409427228812356,-0.00360722408525392,-0.00579242264156384
"Pod_utilization_km",1.04228001605119e-05,1.04293752711713e-05,2.92301402635483e-05,8.34358383493159e-06,8.99077668585123e-06,9.6784350363288e-06,2.02913736701847e-05,7.84179390550723e-06,3.12960360892999e-06,2.84564650122453e-06,2.99630618822548e-06,2.89386289506964e-06
"Stem_respiration_factor",0.00313832634747252,0.00256056745629373,0.00816502067529362,0.00270925736414667,0.00312982533613862,0.0027822341802075,0.00775071320832977,0.00309365062201137,-0.000894187534319148,0.0011349853392776,0.00142138395958765,0.000204824588290557
"Root_respiration_factor",0.000335392988923227,0.000319070091779748,0.00163092073432992,0.000281177101109548,0.000284572443464854,0.000365194524901445,0.00142161911347655,0.000356010152351696,-0.00074718781843161,-1.99314976618759e-06,5.76365908234715e-05,-0.000347316215968952
"Pod_respiration_factor",0.0311059392520888,0.0312835242353008,0.0319724977799454,0.0315229271079136,0.0312370263472673,0.0313692463736699,0.0318950275258163,0.0315600351037216,0.0311437597927126,0.0309156260253154,0.0311254990970845,0.0311582117559134
"substrate_conductance_Leaf_to_Stem",-0.0204263389738342,-0.0184107028427472,-0.0447084112809336,-0.0219083883926556,-0.0219250665362299,-0.0192481505009461,-0.0434462962792245,-0.0234309395049954,-0.00595105748366937,-0.0110722126905727,-0.0147056188456513,-0.00982589303316232
"substrate_conductance_Stem_to_Root",-0.00032111865837638,-0.000173564723998943,-0.00148769529592343,-0.000260227717767031,-0.000304089431672625,-0.000206604545329368,-0.00122418161734,-0.000298937833820557,0.000760905880234687,-0.0001145179156627,-0.000134400704483797,0.000279095393062473
"substrate_conductance_Stem_to_Pod",-0.00468525389264271,-0.0054856777013425,-0.00818741147074396,-0.00611105351412585,-0.0052625815400175,-0.0058232287284314,-0.00806572587796668,-0.00661448519060051,-0.00491811261724004,-0.00390197295714389,-0.00476701806549155,-0.00490187047959321
"Leaf_senescence_fraction_max",0.0222868128734699,0.0224719344046751,0.00885494805139581,0.0195967945714116,0.019420994564561,0.0222255037293216,0.00801579544440416,0.0185226085145301,0.0220882343394483,0.0225518348793452,0.0214340859205887,0.0198704740596155
"Stem_senescence_fraction_max",2.03706827888509e-05,1.91229168140554e-05,2.27795635743235e-05,1.93090501858822e-05,2.02958647539764e-05,1.92529100041867e-05,2.20625090822422e-05,1.87031199850461e-05,1.38925401156359e-05,1.51483514608425e-05,1.55758777191286e-05,1.84728900627803e-05
"Root_senescence_fraction_max",0.000435744596636215,0.000495363307719641,0.0020097318747075,0.000374316723553197,0.000459301392392383,0.000580753876857577,0.00190490444879356,0.000513538509123578,-0.000632086902845323,1.83589134592157e-05,8.00092946886158e-05,-0.000292805069503456
"Leaf_senescence_alpha",-0.0343452489570213,-0.0280154505255998,0.00395574399942705,-0.02560298195746,-0.0238130101465624,-0.0233175907936181,0.00946368163221982,-0.0190773070876301,-0.040941343678271,-0.0381240654484342,-0.0367139495037089,-0.0364037596558702
"Stem_senescence_alpha",-0.000195942316377017,-0.000178822478210584,-0.000250772474791983,-0.000180174247005974,-0.000191925748753939,-0.000174738235448941,-0.000236320643695361,-0.000178108916085316,-0.000120965032877457,-0.000138590556433515,-0.000146026247959177,-0.000130550264478028
"Root_senescence_alpha",-7.12610577154535e-05,-8.01131334617435e-05,-0.000345924020497428,-6.49621320038654e-05,-8.07391302645845e-05,-9.41590817189461e-05,-0.000331361379609691,-8.49478690333673e-05,0.00011560628164171,-6.32257102875361e-06,-1.64085144677289e-05,3.86469194428088e-05
"Leaf_senescence_beta",-0.345704691735266,-0.287505198583912,-0.152325052939509,-0.254977226032675,-0.314423647464583,-0.283599472861064,-0.15626377653923,-0.228543096717692,-0.346719251824632,-0.311341351615321,-0.310210087277174,-0.316853376397623
"Stem_senescence_beta",-0.00123072266590366,-0.00116195843645211,-0.00137871370968401,-0.0011348419040139,-0.00124098939097978,-0.00117485652842654,-0.00135155222656385,-0.00114890700681788,-0.000829118401719223,-0.00091440824253548,-0.000934537037277017,-0.000857309920474153
"Root_senescence_beta",-0.000108988804087669,-0.000125600589840177,-0.000517472860581557,-9.90786713880889e-05,-0.00012957651640935,-0.000149159817684393,-0.000502822022599981,-0.000133783835190482,0.000162814523799043,-7.71844310356923e-06,-2.25133029846029e-05,5.51067425905513e-05
"Leaf_senescence_reuse_factor",-2.30268890461057e-05,-2.20083950561362e-05,-1.27412721846364e-05,-1.84262487807699e-05,-2.41884457711209e-05,-2.43085828646628e-05,-1.58094524917319e-05,-2.02386432042912e-05,-2.01273653744275e-05,-1.90172873705803e-05,-1.83892387277717e-05,-1.95281486111193e-05
"Stem_senescence_reuse_factor",-1.38309197815122e-07,-1.3777868797515e-07,-9.94894158623891e-08,-1.25238662193218e-07,-1.44924284361492e-07,-1.496818863537e-07,-1.1312310998638e-07,-1.29211747114076e-07,-1.20744609886375e-07,-1.17321908246457e-07,-1.13312015250802e-07,-1.16066169185147e-07
"Root_senescence_reuse_factor",-1.74972158917826e-06,-1.8012712237891e-06,-2.02654383282198e-06,-1.26372126009693e-06,-1.96599097562405e-06,-1.89707534269542e-06,-2.17003940296626e-06,-1.09932538062307e-06,-1.77141070274008e-06,-1.58404745309991e-06,-1.46151725622935e-06,-1.50263683865566e-06
"Pod_start_dvi",0.296013140616115,0.279065289438293,0.538414390886041,0.281833897705318,0.3099137417902,0.283797142453542,0.520122106735112,0.297935483741584,0.184103512212213,0.255401045510581,0.244010098395085,0.231554401476816
"stop_growth_dvi",-0.0535860334576154,-0.0572680021816661,-0.0275972810538557,-0.0499246320685959,-0.0615466412467224,-0.0690542709709361,-0.0338607202172244,-0.0592148655399697,-0.0470895741173838,-0.0442866684581322,-0.0345699953527024,-0.0348079604556267
