"","2002 [aCO2] -10%","2002 [aCO2] +10%","2004 [aCO2] -10%","2004 [aCO2] +10%","2005 [aCO2] -10%","2005 [aCO2] +10%","2006 [aCO2] -10%","2006 [aCO2] +10%","2002 [eCO2] -10%","2002 [eCO2] +10%","2004 [eCO2] -10%","2004 [eCO2] +10%","2005 [eCO2] -10%","2005 [eCO2] +10%","2006 [eCO2] -10%","2006 [eCO2] +10%"
"Leaf_utilization_rate_constant","1.92%","-5.95%","2.65%","-6.45%","5.06%","-8.85%","3.07%","-7.08%","6.62%","-9.48%","5.82%","-8.61%","9.59%","-11.88%","7.27%","-10.35%"
"Stem_utilization_rate_constant","2.31%","-3.22%","2.7%","-3.71%","2.51%","-3.57%","2.73%","-3.78%","2.53%","-3.66%","2.85%","-4%","2.85%","-4.13%","2.99%","-4.28%"
"Root_utilization_rate_constant","-0.02%","-0.56%","-0.1%","-0.57%","-0.2%","-0.47%","-0.05%","-0.63%","-0.21%","-0.51%","-0.22%","-0.52%","-0.33%","-0.46%","-0.19%","-0.63%"
"Pod_utilization_rate_constant","-3.19%","2.79%","-3.57%","2.92%","-3.76%","3.08%","-3.71%","3.05%","-3.9%","3.55%","-3.98%","3.28%","-4.44%","3.66%","-4.39%","3.62%"
"Leaf_utilization_km","-5.08%","1.97%","-5.41%","2.43%","-7.38%","4.19%","-5.85%","2.78%","-7.33%","4.85%","-6.6%","4.24%","-9.04%","6.6%","-7.75%","5.2%"
"Stem_utilization_km","-7.67%","3.48%","-8.76%","4.07%","-8.51%","3.77%","-8.93%","4.14%","-8.68%","3.84%","-9.41%","4.31%","-9.77%","4.31%","-10.07%","4.56%"
"Root_utilization_km","-1.91%","-0.27%","-2.01%","-0.42%","-1.83%","-0.57%","-2.15%","-0.35%","-1.88%","-0.6%","-1.97%","-0.63%","-1.89%","-0.83%","-2.24%","-0.61%"
"Pod_utilization_km","5.41%","-5.76%","5.92%","-6.49%","6.21%","-6.81%","6.16%","-6.72%","6.69%","-7.01%","6.64%","-7.22%","7.41%","-8.04%","7.33%","-7.93%"
"Stem_respiration_factor","-0.28%","0.26%","-0.33%","0.32%","-0.31%","0.29%","-0.32%","0.32%","-0.32%","0.31%","-0.34%","0.34%","-0.36%","0.34%","-0.37%","0.36%"
"Root_respiration_factor","-0.05%","0.04%","-0.04%","0.04%","-0.03%","0.01%","-0.04%","0.04%","-0.03%","0.02%","-0.03%","0.02%","-0.02%","0.01%","-0.04%","0.02%"
"Pod_respiration_factor","1.6%","-1.61%","1.67%","-1.68%","1.69%","-1.7%","1.7%","-1.69%","1.71%","-1.72%","1.73%","-1.72%","1.79%","-1.78%","1.79%","-1.79%"
"substrate_conductance_Leaf_to_Stem","-2.51%","1.39%","-2.72%","1.63%","-3.9%","2.69%","-2.89%","1.8%","-4.22%","3.15%","-3.74%","2.76%","-5.34%","4.28%","-4.41%","3.32%"
"substrate_conductance_Stem_to_Root","-0.09%","0.06%","-0.12%","0.09%","-0.15%","0.11%","-0.11%","0.09%","-0.14%","0.11%","-0.15%","0.13%","-0.19%","0.14%","-0.17%","0.12%"
"substrate_conductance_Stem_to_Pod","-1.65%","1.63%","-1.76%","1.44%","-1.85%","1.51%","-1.85%","1.54%","-1.99%","2%","-1.95%","1.63%","-2.17%","1.8%","-2.19%","1.8%"
"Leaf_senescence_fraction_max","1.38%","-1.29%","1.62%","-1.51%","0.88%","-0.9%","1.56%","-1.46%","1.14%","-1.08%","1.62%","-1.53%","0.6%","-0.64%","1.32%","-1.25%"
"Stem_senescence_fraction_max","-0.02%","0%","-0.02%","0.02%","-0.02%","0.01%","-0.01%","0.03%","-0.02%","0.02%","-0.03%","0.02%","-0.03%","0.03%","-0.03%","0.03%"
"Root_senescence_fraction_max","-0.35%","0.3%","-0.39%","0.34%","-0.38%","0.33%","-0.39%","0.36%","-0.4%","0.36%","-0.42%","0.39%","-0.43%","0.39%","-0.45%","0.4%"
"Leaf_senescence_alpha","-2.17%","1.31%","-2.38%","1.51%","-0.98%","0.34%","-2.33%","1.53%","-0.82%","0.3%","-1.63%","0.97%","0.33%","-0.65%","-1.14%","0.59%"
"Stem_senescence_alpha","0.09%","-0.07%","0.12%","-0.07%","0.12%","-0.08%","0.12%","-0.07%","0.13%","-0.08%","0.14%","-0.09%","0.16%","-0.09%","0.14%","-0.09%"
"Root_senescence_alpha","0.27%","-0.31%","0.31%","-0.34%","0.28%","-0.34%","0.32%","-0.35%","0.3%","-0.34%","0.33%","-0.36%","0.33%","-0.37%","0.35%","-0.39%"
"Leaf_senescence_beta","-27%","8.85%","-28.8%","9.31%","-21.36%","-0.45%","-26.43%","9.54%","-23.2%","3.98%","-27.67%","6.04%","-17.42%","-5.34%","-23.14%","4.63%"
"Stem_senescence_beta","0.41%","-0.11%","0.53%","-0.15%","0.49%","-0.15%","0.51%","-0.13%","0.54%","-0.16%","0.63%","-0.2%","0.64%","-0.19%","0.62%","-0.19%"
"Root_senescence_beta","0.68%","-0.77%","0.77%","-0.86%","0.73%","-0.84%","0.79%","-0.87%","0.77%","-0.88%","0.83%","-0.94%","0.84%","-0.97%","0.89%","-1%"
"Leaf_senescence_reuse_factor","-2.75%","2.79%","-2.96%","3.02%","-2.98%","3.01%","-3.07%","3.13%","-2.83%","2.87%","-2.95%","3.01%","-3.03%","3.08%","-3.13%","3.18%"
"Stem_senescence_reuse_factor","-2.04%","2.04%","-2.32%","2.33%","-2.27%","2.27%","-2.41%","2.47%","-2.38%","2.4%","-2.51%","2.53%","-2.59%","2.62%","-2.78%","2.82%"
"Root_senescence_reuse_factor","-1.94%","2%","-2.18%","2.27%","-2.23%","2.31%","-2.33%","2.43%","-2.28%","2.36%","-2.38%","2.48%","-2.57%","2.68%","-2.7%","2.81%"
"Pod_start_dvi","34.08%","-34.64%","34.71%","-32.48%","45.39%","-40.02%","36.81%","-35.89%","41.1%","-38.3%","38.08%","-33.71%","53.5%","-43.18%","43.77%","-39.33%"
"stop_growth_dvi","-9.21%","0.22%","-12.77%","0.28%","-11.05%","0%","-11.82%","0.14%","-11.02%","0.33%","-15.85%","0.4%","-12.98%","0%","-13.52%","0.2%"
