"year","Defoliation_DVI","Defoliation_PCT","utr_shell_mass_1","utr_shell_mass_2","partitioning_shell","exp_final_shell"
"2002",1.35,0,1.38638681476902,1.70803225730995,1.81910975739888,1.59558180214675
"2002",1.35,0.25,1.33429051188734,1.70803225730995,1.93160397213121,1.59558180214675
"2002",1.35,0.5,1.20385629318859,1.70803225730995,1.95951875533469,1.59558180214675
"2002",1.35,0.75,0.809856329124724,1.70803225730995,1.47934376010219,1.59558180214675
"2002",1.35,0.999,0.208079061976192,1.70803225730995,0.50707799759,1.59558180214675
"2002",1.5,0,1.38638681476912,1.70803225730995,1.81910975739888,1.59558180214675
"2002",1.5,0.25,1.31691151796197,1.70803225730995,1.81933263910491,1.59558180214675
"2002",1.5,0.5,1.19964018574983,1.70803225730995,1.78056665182642,1.59558180214675
"2002",1.5,0.75,0.794541340134334,1.70803225730995,1.24898850981557,1.59558180214675
"2002",1.5,0.999,0.353542832190227,1.70803225730995,0.683724399808442,1.59558180214675
"2004",1.35,0,1.52698869485968,1.94953684675768,1.74566092866077,1.205649375
"2004",1.35,0.25,1.4974315383487,1.94953684675768,1.8969524172625,1.205649375
"2004",1.35,0.5,1.3833839197406,1.94953684675768,1.97620200894698,1.205649375
"2004",1.35,0.75,0.960951566883495,1.94953684675768,1.56207627525069,1.205649375
"2004",1.35,0.999,0.243431012159272,1.94953684675768,0.476022301325455,1.205649375
"2004",1.5,0,1.52698870282787,1.94953684675768,1.74566092866077,1.205649375
"2004",1.5,0.25,1.47430308616411,1.94953684675768,1.7678716294706,1.205649375
"2004",1.5,0.5,1.37417978563309,1.94953684675768,1.75925780132225,1.205649375
"2004",1.5,0.75,0.928073131651675,1.94953684675768,1.25348192453359,1.205649375
"2004",1.5,0.999,0.450881391574153,1.94953684675768,0.70567803865107,1.205649375
"2005",1.35,0,1.12789255454429,1.40739079089731,1.77051359191596,1.40660625
"2005",1.35,0.25,1.14684244252178,1.40739079089731,1.90435038667571,1.40660625
"2005",1.35,0.5,1.10115975757969,1.40739079089731,1.947163779336,1.40660625
"2005",1.35,0.75,0.801885262417032,1.40739079089731,1.52078732560203,1.40660625
"2005",1.35,0.999,0.172379362413256,1.40739079089731,0.381447238216031,1.40660625
"2005",1.5,0,1.1278925545445,1.40739079089731,1.77051359191596,1.40660625
"2005",1.5,0.25,1.11919599694049,1.40739079089731,1.7843315651196,1.40660625
"2005",1.5,0.5,1.07954603808089,1.40739079089731,1.76006747823715,1.40660625
"2005",1.5,0.75,0.750603798335326,1.40739079089731,1.24827577232308,1.40660625
"2005",1.5,0.999,0.386199134924948,1.40739079089731,0.669027388024527,1.40660625
"2006",1.35,0,1.39158987228722,1.70330368362173,1.62945657304511,1.18893534375
"2006",1.35,0.25,1.35157597098836,1.70330368362173,1.75627582226003,1.18893534375
"2006",1.35,0.5,1.23162373142524,1.70330368362173,1.79888824419708,1.18893534375
"2006",1.35,0.75,0.837347362885429,1.70330368362173,1.39577120021519,1.18893534375
"2006",1.35,0.999,0.209469370600052,1.70330368362173,0.372797868148535,1.18893534375
"2006",1.5,0,1.3915845257587,1.70330368362173,1.62945657304511,1.18893534375
"2006",1.5,0.25,1.34661653707359,1.70330368362173,1.64489134345,1.18893534375
"2006",1.5,0.5,1.26399043866014,1.70330368362173,1.63036346080168,1.18893534375
"2006",1.5,0.75,0.857133284871705,1.70330368362173,1.15674408079816,1.18893534375
"2006",1.5,0.999,0.444836620266043,1.70330368362173,0.651228646273603,1.18893534375
