"","Parameters","Old","New","NA"
"1","carbon_to_mass_factor",0.27,0.35,-21.7745181213028
"2","Leaf_utilization_rate_constant",0.01,0.00262,291.15
"3","Stem_utilization_rate_constant",0.05,0.03,57.1
"4","Root_utilization_rate_constant",0.07,0.06,14.68
"5","Pod_utilization_rate_constant",0.58,0.31,86.93
"6","Leaf_utilization_km",0.29,0.14,99.31
"7","Stem_utilization_km",0.45,0.29,53.79
"8","Root_utilization_km",0.47,0.32,49.27
"9","Pod_utilization_km",0.3,0.13,126.04
"10","respiration_factor",0.13,0.1,21.84
"11","substrate_conductance_Leaf_to_Stem",0.23,0.05,384.8
"12","substrate_conductance_Stem_to_Root",0.47,0.32,47.82
"13","substrate_conductance_Stem_to_Pod",1.76,1.51,16.67
"14","Leaf_senescence_fraction_max",0.04,0.02,61.23
"15","Stem_senescence_fraction_max",0.001498,0.001974,-24.113475177305
"16","Root_senescence_fraction_max",0.003244,0.006506,-50.1383338456809
"17","Leaf_senescence_alpha",9.33,9.11,2.44
"18","Stem_senescence_alpha",5.77,4.09,41.17
"19","Root_senescence_alpha",1.81,1.66,9
"20","Leaf_senescence_beta",1.97,1.84,6.71
"21","Stem_senescence_beta",1.77,1.96,-9.68736650799459
"22","Root_senescence_beta",1.99,1.98,0.2
"23","senescence_reuse_factor",1,1,0.00420048305555004
"24","Pod_start_dvi",1.09,1.28,-14.554921875
"25","stop_growth_dvi",1.99,2.01,-1.02772228766078
