param_names,SoyFACE,EnergyFarm,change%
carbon_to_mass_factor,3.76E-01,4.38E-01,16
Leaf_utilization_rate_constant,6.94E-03,1.98E-02,184
Stem_utilization_rate_constant,1.67E-02,7.95E-02,375
Root_utilization_rate_constant,3.82E-02,9.00E-02,135
Pod_utilization_rate_constant,4.63E-01,8.27E-01,78
Leaf_utilization_km,1.47E-01,1.34E-01,-8
Stem_utilization_km,1.67E-01,1.22E-01,-26
Root_utilization_km,2.75E-01,7.84E-02,-71
Pod_utilization_km,1.72E-01,1.07E-01,-37
respiration_factor,1.09E-01,3.52E-01,224
substrate_conductance_Leaf_to_Stem,3.23E-01,4.69E-01,45
substrate_conductance_Stem_to_Root,2.67E-01,3.68E-01,38
substrate_conductance_Stem_to_Pod,1.51E+00,4.99E+00,229
Leaf_senescence_rate_max,5.43E-02,1.40E-02,-74
Stem_senescence_rate_max,1.90E-03,1.11E-02,481
Root_senescence_rate_max,7.13E-04,2.32E-03,225
Leaf_senescence_alpha,8.05E+00,5.97E+00,-25
Stem_senescence_alpha,6.63E+00,9.49E+00,43
Root_senescence_alpha,1.01E+00,1.61E+00,59
Leaf_senescence_beta,1.99E+00,1.93E+00,-3
Stem_senescence_beta,1.90E+00,1.96E+00,3
Root_senescence_beta,1.99E+00,1.82E+00,-8
Pod_start_dvi,1.01E+00,9.66E-01,-4
stop_growth_dvi,2.09E+00,1.95E+00,-6