"","original","bias","std. error","min. c.i.","max. c.i."
"stop_growth_dvi",0.756655344878345,0.00468331826489943,0.0428418892508229,0.668624146994196,0.852589277986694
"senescence_reuse_factor",0.662029842364612,-0.00988804956568223,0.0743129372143507,0.540538459677814,0.829904910745695
"Leaf_senescence_beta",-0.58801645824448,0.0100297633468257,0.0831266121777814,-0.767708252779421,-0.442887945433854
"Leaf_utilization_km",0.540283661810436,-0.00457994269642226,0.10416390712035,0.339834269436944,0.793815581039244
"Leaf_utilization_rate_constant",-0.343537962976933,0.0159617217234539,0.10187818586534,-0.600239538701658,-0.163902939462233
"Pod_utilization_km",-0.339431250446551,0.00955683094017251,0.11957019729951,-0.594092508445691,-0.125964854431498
"Pod_utilization_rate_constant",0.337134621303484,-0.0178016091021533,0.120735328993626,0.123622398157888,0.594407419009358
"Leaf_senescence_alpha",-0.272574894862154,0.000370400912658386,0.106371464494543,-0.480646526291567,-0.0772909623657396
"Stem_senescence_fraction_max",0.232034255236639,-0.0126413184763777,0.114057441969507,0.00911563323895792,0.470578045332075
"respiration_factor",-0.18251966532508,0.00832355016408315,0.113343690934388,-0.435097907051858,-0.0157507930905608
"substrate_conductance_Leaf_to_Stem",0.137966446715454,-0.010037817035149,0.101774855039532,-0.0553490445873467,0.376142830142627
"Pod_start_dvi",0.119304667448632,-0.012131194470698,0.104476757190169,-0.0642675940808734,0.314173407891452
"Stem_senescence_beta",-0.100811466686663,-0.0125411059597075,0.109500557091755,-0.335611756745729,0.150389832932555
"Root_senescence_alpha",-0.0998783341610635,-0.0102454792751009,0.115403570713007,-0.340842337766979,0.177705141162261
"Root_senescence_beta",-0.0958433380090655,-0.00045164104959132,0.10619418463334,-0.276128470383829,0.152619662685646
"Root_senescence_fraction_max",0.0935867810660452,0.0275351218521585,0.126644124832949,-0.195947028388616,0.345962346970312
"Stem_utilization_km",0.0931132648456966,0.0193444019951298,0.127786782358709,-0.218489841391416,0.35526646484368
"Stem_utilization_rate_constant",-0.0797498468948487,0.0115537433174878,0.108972342648264,-0.314694677277276,0.11897582989436
"Root_utilization_km",0.0542523282465932,-0.00891528966463337,0.108480401162333,-0.144586677254914,0.285531604127991
"substrate_conductance_Stem_to_Pod",0.0471177983829982,-0.000732400797134561,0.0998886210269748,-0.142103425194092,0.255620065569668
"Stem_senescence_alpha",-0.0248620376637132,0.00325185493993301,0.107346525291299,-0.249174190205356,0.207091272196432
"substrate_conductance_Stem_to_Root",0.0248128736625655,-0.0186218884248933,0.130132519188387,-0.221926164577769,0.310501570564234
"Root_utilization_rate_constant",0.0142586644077613,0.013270939173807,0.127030244382234,-0.263586738721348,0.2510911289391
"Leaf_senescence_fraction_max",-0.00760308352494244,0.0219717564137157,0.132010589991565,-0.301096918328946,0.214984283443493
