"original","bias","std. error","min. c.i.","max. c.i."
-0.0146408817591003,-0.00276094780122738,0.0330449767446524,-0.0772870129646015,0.0552797584622623
-0.316055718174378,-0.000808245511006722,0.0297883021563201,-0.375511842841993,-0.263728459485791
-0.157878711376949,-0.00593665999917067,0.0333488623183178,-0.2211836847709,-0.0780443012184307
-0.0477028460128014,-0.00141223267724273,0.0321378573582616,-0.125041571544513,0.015395101683794
-0.0015540328767089,0.00143178442649135,0.0331468872539746,-0.0573411566666956,0.0613892154987218
0.0699680941720204,-0.00448525858261008,0.0362944782288306,3.65889466117097e-05,0.143201370251474
0.166459117269608,0.00582946367365125,0.0350992985348847,0.0945252537204756,0.233242740122062
-0.0118628604475518,-9.5838039991334e-06,0.0338248211114217,-0.0810640289689018,0.0702002635849178
-0.00890326123421641,0.0018515784703831,0.0306966623999362,-0.074894595510673,0.0478550279439593
0.111161463783341,0.00160494496223287,0.0314845411617977,0.0528534995679694,0.175588771992866
-0.228299348454396,-0.00304501190658868,0.0351621387783267,-0.297148212267092,-0.150116596782636
-0.0106322257266651,0.00590432391832486,0.0292583326943471,-0.0744055341155761,0.0413756945288515
0.197834433695268,-0.00250421533941622,0.0310828827859014,0.133642500990849,0.26097499886036
0.183189616942444,-0.000353432888782756,0.0353414681535488,0.101080683618387,0.253971113711019
0.280397893036017,-0.000236306677724396,0.0313189302217289,0.203906929858494,0.34609864428671
-0.0510096998424494,-4.26416514503827e-05,0.0332539021414571,-0.118861068464666,0.0149472458982372
0.176042827988244,0.000610086529360593,0.0290288718507734,0.116047552816791,0.234951226276416
-0.0421325038639322,0.00286970689602964,0.0341250180496011,-0.121772901913872,0.0235281119966395
-0.0514505490253208,-0.000142968856437248,0.0299306864580854,-0.109954571868542,0.013082089435869
0.123617964662494,-0.000607339817889865,0.0305863769139919,0.0558155121816504,0.187327863195055
-0.20011455660405,-0.00416713250638828,0.0315923018449077,-0.259503391321793,-0.140030984745057
0.0384713274102641,0.00124555416714187,0.0302706552112856,-0.030400408601606,0.0961100463442409
-0.0474816327101938,0.00130232178043809,0.0311524922071056,-0.114073770861148,0.00602323457064528
0.193971862603386,-0.00485950390745016,0.0263811746495251,0.147048176850684,0.254151468748798
