,original,bias,std. error,min. c.i.,max. c.i.
Stem_senescence_rate_max,0.328793862,-0.000192476,0.008510593,0.309905021,0.347090656
Leaf_utilization_rate_constant,-0.276562003,0.001332521,0.010801746,-0.299264914,-0.253783619
substrate_conductance_Stem_to_Pod,0.202208901,0.000965519,0.009544293,0.183652708,0.21991209
substrate_conductance_Leaf_to_Stem,-0.196625437,6.01E-05,0.009720203,-0.21619185,-0.176952902
Leaf_senescence_rate_max,0.187983961,-0.001301613,0.011535823,0.160535308,0.210962591
stop_growth_dvi,0.185612402,-0.001170474,0.009605415,0.165248089,0.204664358
Stem_senescence_beta,-0.183041416,0.000355093,0.00993766,-0.199009728,-0.162051474
Leaf_senescence_alpha,0.178322453,-0.000394463,0.009630128,0.158265422,0.201953972
Stem_utilization_km,0.158743137,-0.001265499,0.010558795,0.136713945,0.180259894
Stem_utilization_rate_constant,-0.126734207,-0.001281566,0.012371032,-0.148643061,-0.101425721
Leaf_utilization_km,0.117874028,-0.001012475,0.009657023,0.098505592,0.137662213
Leaf_senescence_beta,0.105366575,0.000537941,0.010193316,0.084870163,0.125475088
respiration_factor,0.066354509,0.000111756,0.009967815,0.047062457,0.085642964
Stem_senescence_alpha,-0.032039397,0.000826718,0.010633969,-0.054005041,-0.01362038
Pod_start_dvi,-0.019937096,0.000121833,0.009450043,-0.04285635,0.001644017
Root_senescence_rate_max,-0.017805137,0.000481274,0.010974678,-0.044103919,0.005860879
Pod_utilization_km,-0.009372767,-0.003513264,0.009679104,-0.026579751,0.011269048
substrate_conductance_Stem_to_Root,0.009352122,-0.000623164,0.010754115,-0.012840492,0.027475023
Root_utilization_km,-0.008909635,-0.00137109,0.010031132,-0.033677918,0.011069983
carbon_to_mass_factor,-0.006921602,-0.000560815,0.009423684,-0.023735468,0.012575006
Pod_utilization_rate_constant,0.004200328,0.00086409,0.009375802,-0.01759841,0.023837063
Root_utilization_rate_constant,-0.003067767,-0.000283824,0.010433331,-0.024672692,0.018548805
Root_senescence_alpha,-0.002716163,-0.002955663,0.008701487,-0.014198915,0.016752215
Root_senescence_beta,-0.001934663,0.000921607,0.010147485,-0.021588082,0.015872439