"Parameter","Correlation","AbsCorrelation"
"Leaf_senescence_alpha",0.00847230780848715,0.00847230780848715
"carbon_to_mass_factor",0.00739084014336839,0.00739084014336839
"substrate_conductance_Stem_to_Root",0.00625912678908737,0.00625912678908737
"stop_growth_dvi",0.00607495244566024,0.00607495244566024
"Leaf_senescence_rate_max",0.00562687892647122,0.00562687892647122
"Root_utilization_rate_constant",-0.00536226339316123,0.00536226339316123
"Leaf_utilization_rate_constant",0.00487511814366712,0.00487511814366712
"Leaf_senescence_beta",0.0048693642004732,0.0048693642004732
"Pod_utilization_km",-0.00436768588683946,0.00436768588683946
"Stem_senescence_alpha",-0.00393228718938937,0.00393228718938937
"Pod_utilization_rate_constant",0.00364222656876094,0.00364222656876094
"substrate_conductance_Leaf_to_Stem",-0.00362391362527598,0.00362391362527598
"Stem_utilization_km",-0.00359416603295093,0.00359416603295093
"respiration_factor",-0.00325877482772496,0.00325877482772496
"Pod_start_dvi",-0.00324938951215446,0.00324938951215446
"Root_senescence_alpha",-0.00289290626555593,0.00289290626555593
"Stem_utilization_rate_constant",0.00284158954553777,0.00284158954553777
"Root_utilization_km",-0.00272893183623211,0.00272893183623211
"Root_senescence_rate_max",-0.00267631463224844,0.00267631463224844
"substrate_conductance_Stem_to_Pod",0.00235666903410638,0.00235666903410638
"Stem_senescence_rate_max",0.00196708352625061,0.00196708352625061
"Stem_senescence_beta",-0.00178673887532907,0.00178673887532907
"Root_senescence_beta",0.00137550257247107,0.00137550257247107
"Leaf_utilization_km",-0.00129572715611032,0.00129572715611032
