"","Parameter","Correlation","Correlation_abs","P_value"
"1","carbon_to_mass_factor",0.31052718803489,0.31052718803489,0
"6","Leaf_utilization_km",0.303562706507019,0.303562706507019,0
"18","Stem_senescence_alpha",0.302418551280592,0.302418551280592,0
"2","Leaf_utilization_rate_constant",-0.243900835907323,0.243900835907323,0
"23","senescence_reuse_factor",0.19934610824791,0.19934610824791,0
"9","Pod_utilization_km",-0.194809418990691,0.194809418990691,0
"13","substrate_conductance_Stem_to_Pod",0.184681797129433,0.184681797129433,0
"15","Stem_senescence_fraction_max",-0.170518029415697,0.170518029415697,0
"11","substrate_conductance_Leaf_to_Stem",0.162715775156982,0.162715775156982,0
"24","Pod_start_dvi",-0.153629032186822,0.153629032186822,0
"17","Leaf_senescence_alpha",0.130290273631638,0.130290273631638,0
"7","Stem_utilization_km",0.115837022645856,0.115837022645856,0
"10","respiration_factor",-0.0983756062604141,0.0983756062604141,0
"21","Stem_senescence_beta",0.0889896823340643,0.0889896823340643,0
"5","Pod_utilization_rate_constant",0.0879423002098874,0.0879423002098874,0
"14","Leaf_senescence_fraction_max",-0.0640049149092464,0.0640049149092464,0
"3","Stem_utilization_rate_constant",-0.0275906537187929,0.0275906537187929,1.25861680694117e-167
"20","Leaf_senescence_beta",-0.0251018785590725,0.0251018785590725,4.33086619508314e-139
"16","Root_senescence_fraction_max",0.020557244173776,0.020557244173776,6.37475611945315e-94
"19","Root_senescence_alpha",-0.0111419216299527,0.0111419216299527,7.82346850790025e-29
"8","Root_utilization_km",0.0103417586374881,0.0103417586374881,4.55426128077991e-25
"25","stop_growth_dvi",0.0052457360978379,0.0052457360978379,1.55687801007219e-07
"4","Root_utilization_rate_constant",-0.00435542717478257,0.00435542717478257,1.32830135571677e-05
"12","substrate_conductance_Stem_to_Root",-0.00395301254200066,0.00395301254200066,7.71853082829251e-05
"22","Root_senescence_beta",-0.0030371176835289,0.0030371176835289,0.00238878524437787
