"year","Defoliation_DVI","Defoliation_PCT","utr_shell_mass_1","utr_shell_mass_2","partitioning_shell_mass"
"2002",1.35,0,1.38638681476902,1.70761048181309,1.81910975739888
"2002",1.35,0.25,1.33429051188734,1.70761048181309,1.93160397213121
"2002",1.35,0.5,1.20385629318859,1.70761048181309,1.95951875533469
"2002",1.35,0.75,0.93433229016203,1.70761048181309,1.78060078175529
"2002",1.35,0.999,0.412941328434119,1.70761048181309,1.00917303367851
"2002",1.5,0,1.38638681476912,2.42520103308334,1.81910975739888
"2002",1.5,0.25,1.31691151796197,2.42520103308334,1.81933263910491
"2002",1.5,0.5,1.19964018574983,2.42520103308334,1.78056665182642
"2002",1.5,0.75,1.0072933139115,2.42520103308334,1.65831344913568
"2002",1.5,0.999,0.706789161848777,2.42520103308334,1.3659326320086
"2004",1.35,0,1.52698869485968,1.95290628045304,1.74566092866077
"2004",1.35,0.25,1.4974315383487,1.95290628045304,1.8969524172625
"2004",1.35,0.5,1.3833839197406,1.95290628045304,1.97620200894698
"2004",1.35,0.75,1.10375925169829,1.95290628045304,1.84375105698684
"2004",1.35,0.999,0.477611291406679,1.95290628045304,0.94548027088571
"2004",1.5,0,1.52698870282787,3.19488053021377,1.74566092866077
"2004",1.5,0.25,1.47430308616411,3.19488053021377,1.7678716294706
"2004",1.5,0.5,1.37417978563309,3.19488053021377,1.75925780132225
"2004",1.5,0.75,1.19587014752654,3.19488053021377,1.67594974896534
"2004",1.5,0.999,0.895705367562634,3.19488053021377,1.40979107937066
"2005",1.35,0,1.12789255454429,1.40710275476442,1.77051359191596
"2005",1.35,0.25,1.14684244252178,1.40710275476442,1.90435038667571
"2005",1.35,0.5,1.10115975757969,1.40710275476442,1.947163779336
"2005",1.35,0.75,0.906402667123833,1.40710275476442,1.74586557481193
"2005",1.35,0.999,0.341248577905377,1.40710275476442,0.756577653565871
"2005",1.5,0,1.1278925545445,2.61861158465539,1.77051359191596
"2005",1.5,0.25,1.11919599694049,2.61861158465539,1.7843315651196
"2005",1.5,0.5,1.07954603808089,2.61861158465539,1.76006747823715
"2005",1.5,0.75,0.982536781034728,2.61861158465539,1.64866373020199
"2005",1.5,0.999,0.771050231644523,2.61861158465539,1.33634065115605
"2006",1.35,0,1.39158987228722,1.70599005556362,1.62945657304511
"2006",1.35,0.25,1.35157597098836,1.70599005556362,1.75627582226003
"2006",1.35,0.5,1.23162373142524,1.70599005556362,1.79888824419708
"2006",1.35,0.75,0.962042281763918,1.70599005556362,1.61606087636576
"2006",1.35,0.999,0.414093992388902,1.70599005556362,0.739947328399501
"2006",1.5,0,1.3915845257587,3.01406823494268,1.62945657304511
"2006",1.5,0.25,1.34661653707359,3.01406823494268,1.64489134345
"2006",1.5,0.5,1.26399043866014,3.01406823494268,1.63036346080168
"2006",1.5,0.75,1.12021050189639,3.01406823494268,1.54665907418505
"2006",1.5,0.999,0.882284422129648,3.01406823494268,1.30108696858507
