DOY,hour,time,Leaf,Stem,Biomass_DOY
186,11,186.5,561.847876,721.7091598,186
186,14,186.6,572.603745,516.4212475,186
186,17,186.7,1062.888352,440.3309607,186
186,20,186.8,977.631878,403.6152045,186
186,23,187,531.20578,518.5923676,186
187,2,187.1,356.823237,416.313089,186
187,5,187.2,278.531851,458.8736746,186
187,8,187.3,153.446003,193.8093448,186
209,8,209.3,302.109983,786.9064223,215
209,13,209.5,944.406089,918.6493166,215
236,8,236.3,802.8216532,352.2201423,236
236,13,236.5,1169.69883,379.6077151,236
236,20,236.8,1350.337149,443.2777613,236
258,8,258.3,257.255058,490.5215987,258
258,13,258.5,189.7262886,504.0054205,258
258,20,258.8,180.0092154,413.4418507,258
278,12,278.5,0,54.6922395,278