Time,DOY,hour,time,Date,Starch,Starch_std,Starch_CV,GFS_total,GFS_std,GFS_CV
7/6/22 11:00,186,11,186.4583333,7/6/22,301.65,4.89104949,2%,260.197876,35.2613155,14%
7/6/22 14:00,186,14,186.5833333,7/6/22,427.86,125.711426,29%,144.743745,28.2138671,19%
7/6/22 17:00,186,17,186.7083333,7/6/22,919.56,6.95291155,1%,143.328352,29.3358888,20%
7/6/22 20:00,186,20,186.8333333,7/6/22,861.57,69.5807107,8%,116.061878,3.21833891,3%
7/6/22 23:00,186,23,186.9583333,7/6/22,419.27,118.84212,28%,111.93578,12.7262268,11%
7/7/22 2:00,187,2,187.0833333,7/7/22,237.73,41.1940736,17%,119.093237,4.73368227,4%
7/7/22 5:00,187,5,187.2083333,7/7/22,143.94,30.9539143,22%,134.591851,10.0829957,7%
7/7/22 8:00,187,8,187.3333333,7/7/22,33.77,10.8991353,32%,119.676003,11.9396658,10%
7/28/22 8:00,209,8,209.3333333,7/28/22,124.01,27.993327,23%,178.099983,23.3536542,13%
7/28/22 13:00,209,13,209.5416667,7/28/22,718.46,176.806231,25%,225.946089,37.8256887,17%
8/24/22 8:00,236,8,236.3333333,8/24/22,718.29,280.367737,39%,84.5316532,4.72771375,6%
8/24/22 13:00,236,13,236.5416667,8/24/22,1083.98,95.2462071,9%,85.7188302,17.7433871,21%
8/24/22 20:00,236,20,236.8333333,8/24/22,1267.65,242.466597,19%,82.6871487,4.5509104,6%
9/15/22 8:00,258,8,258.3333333,9/15/22,191,60.6845684,32%,66.255058,5.59101335,8%
9/15/22 13:00,258,13,258.5416667,9/15/22,122.21,76.3227457,62%,67.5162886,12.6380237,19%
9/15/22 20:00,258,20,258.8333333,9/15/22,116.59,26.8198821,23%,63.4192154,4.92135325,8%