Sample ID,Hour,DOY,hour,time,Date,DOY_date,GFS_1,Starch_1,GFS_2,Starch_2,GFS_3,Starch_3,GFS_4,Starch_4,Carb_tot_1,Carb_tot_2,Carb_tot_3,Carb_tot_4,Valid_1,Valid_2,Valid_3,Valid_4,Total valid,Starch_mean,Starch_std,Starch_low,Starch_high,GFS_mean,GFS_std,GFS_low,GFS_high,GFS%,Carb_total_mean,Carb_total_std,Carb_CV
11/1/01,10:00,186-197,11,186.458333,7/5/22,DOY 186: 07/05,1.4262,1.7892,0,0,1.8048,0,1.4526,1.8306,3.2154,0,1.8048,3.2832,1,0,0,1,2,1.8,0.0,1.8,1.8,1.4,2.0,-0.6,3.4,44%,3.2,0.0,5%
11/1/02,13:00,,14,186.583333,7/5/22,DOY 186: 07/05,1.0896,1.4706,0.861,3.438,0.8466,2.1288,0.6768,2.1348,2.5602,4.299,2.9748,2.8116,1,1,1,1,4,2.3,0.8,1.5,3.1,0.9,0.2,0.7,1.0,27%,3.2,0.8,78%
11/1/03,16:00,,17,186.708333,7/5/22,DOY 186: 07/05,0.8442,2.0136,1.1136,5.547,0.7296,2.2896,0.753,5.4876,2.8578,6.66,3.0186,6.2406,0,1,0,1,2,5.5,0.0,5.5,5.6,0.9,1.3,-0.4,2.2,14%,6.5,0.3,30%
11/1/04,19:00,,20,186.833333,7/5/22,DOY 186: 07/05,0.6888,5.7714,0.7104,4.8258,0.6738,5.1066,0.7122,4.9734,6.4608,5.5362,5.7804,5.6856,1,0,1,1,3,5.3,0.4,4.9,5.7,0.7,0.3,0.4,1.0,12%,6.0,0.4,42%
11/1/05,22:00,,23,186.958333,7/5/22,DOY 186: 07/05,0.6888,5.7714,0.7104,4.8258,0.6738,5.1066,0.7122,4.9734,6.4608,5.5362,5.7804,5.6856,1,0,1,1,3,5.3,0.4,4.9,5.7,0.7,0.3,0.4,1.0,12%,6.0,0.4,42%
11/1/06,1:00,,2,187.083333,7/6/22,DOY 187: 07/06,0.7452,1.8336,0.7092,2.8476,0.5688,3.3576,0.663,2.0238,2.5794,3.5568,3.9258,2.6868,1,1,1,1,4,2.5,0.7,1.8,3.2,0.7,0.1,0.6,0.8,21%,3.2,0.7,66%
11/1/07,4:00,,5,187.208333,7/6/22,DOY 187: 07/06,0.7518,0.8166,0.852,1.0686,0.8676,-0.03,0.759,0.7062,1.5684,1.9206,0.837,1.4652,1,1,0,1,3,0.9,0.2,0.7,1.0,0.8,0.7,0.0,1.5,48%,1.7,0.2,24%
11/1/08,7:00,,8,187.333333,7/6/22,DOY 187: 07/06,0.6474,0.2064,0.7188,0.1356,0.69,0.2664,0.816,-0.0384,0.8538,0.8544,0.9558,0.7776,1,1,1,0,3,0.2,0.1,0.1,0.3,0.7,0.8,-0.1,1.4,77%,0.9,0.1,6%
11/2/01,7:00,209,8,209.333333,7/28/22,DOY 209: 07/28,1.0326,0.8628,1.0092,0.0738,0.9588,10.8054,1.2738,0.6252,1.8954,1.0836,11.7636,1.899,1,0,0,1,2,0.7,0.2,0.6,0.9,1.2,1.4,-0.3,2.6,61%,1.9,0.0,0%
11/2/02,13:00,,13,209.541667,7/28/22,DOY 209: 07/28,1.1292,1.3098,1.4808,4.3176,1.203,5.3682,1.6098,3.2466,2.439,5.7984,6.5712,4.8558,1,1,1,1,4,3.6,1.7,1.8,5.3,1.4,0.5,0.9,1.8,28%,4.9,1.8,179%
11/3/01,7:00,236,8,236.333333,8/24/22,DOY 236: 08/24,0.5268,6.195,0.5004,-0.0234,0.4746,3.7734,0.5202,2.961,6.7218,0.4764,4.248,3.4812,1,0,1,1,3,4.3,1.7,2.6,6.0,0.5,1.4,-0.9,1.9,11%,4.8,1.7,169%
11/3/02,13:00,,13,236.541667,8/24/22,DOY 236: 08/24,0.5232,7.0728,0.4158,6.513,0.66,5.7204,0.4584,6.7092,7.596,6.9294,6.3804,7.1676,1,1,1,1,4,6.5,0.6,5.9,7.1,0.5,0.1,0.4,0.6,7%,7.0,0.5,51%
11/3/03,19:00,,20,236.833333,8/24/22,DOY 236: 08/24,0.501,9.7368,0.5208,7.047,0.411,7.1814,0.4668,6.4584,10.2372,7.5678,7.5924,6.9252,1,1,1,1,4,7.6,1.5,6.2,9.1,0.5,1.1,-0.7,1.6,6%,8.1,1.5,147%
11/4/01,7:00,258,8,258.333333,9/15/22,DOY 258: 09/15,0.411,1.4022,0.3534,1.3068,0.3936,0.729,0.4326,3.5442,1.8126,1.6602,1.1232,3.9768,1,1,1,0,3,1.1,0.4,0.8,1.5,0.4,0.0,0.3,0.4,25%,1.5,0.4,36%
11/4/02,13:00,,13,258.541667,9/15/22,DOY 258: 09/15,0.3102,-0.0216,0.3822,1.251,0.483,0.3804,0.4452,0.5688,0.288,1.6332,0.8634,1.014,0,1,1,1,3,0.7,0.5,0.3,1.2,0.4,0.1,0.4,0.5,37%,1.2,0.4,41%
11/4/03,19:00,,20,258.833333,9/15/22,DOY 258: 09/15,0.3462,0.8136,0.3972,2.8308,0.4224,0.5856,0.3984,-0.003,1.1598,3.228,1.0086,0.3954,1,0,1,1,3,0.5,0.4,0.0,0.9,0.4,0.1,0.3,0.4,46%,0.9,0.4,40%
,,,,,,,,,,,,,,,,,,,,,,,,,,,,,,,,,,,