Sample ID,Hour,DOY,hour,time,Date,DOY_date,GFS_1,Starch_1,GFS_2,Starch_2,GFS_3,Starch_3,GFS_4,Starch_4,Carb_tot_1,Carb_tot_2,Carb_tot_3,Carb_tot_4,Valid_1,Valid_2,Valid_3,Valid_4,Total valid,Carb_total_mean,Carb_total_std,Carb_CV
11/1/01,10:00,186,11,186.458333,7/5/22,DOY 186: 07/05,357.7,56.9,465.2,563.5,976.9,178.9,326.1,32.3,414.7,1028.8,1155.8,358.4,1,1,0,1,3,600.6,303.6,51%
11/1/02,13:00,186,14,186.583333,7/5/22,DOY 186: 07/05,452,185.3,170.2,225.4,285.2,108,235.5,77.2,637.3,395.6,393.2,312.7,1,0,0,1,2,475,162.3,34%
11/1/03,16:00,186,17,186.708333,7/5/22,DOY 186: 07/05,318.4,40.4,340.3,181.5,149.7,479.1,162.2,177.5,358.8,521.8,628.8,339.7,1,1,0,1,3,406.8,81.7,20%
11/1/04,19:00,186,20,186.833333,7/5/22,DOY 186: 07/05,230.6,213.3,233.2,130.1,478.2,411.4,189,46.8,443.9,363.3,889.6,235.8,1,1,0,1,3,347.7,85.7,25%
11/1/05,22:00,186,23,186.958333,7/5/22,DOY 186: 07/05,286.2,267.4,238,245.6,74.4,381.8,93.8,419.7,553.6,483.5,456.2,513.5,1,1,1,1,4,501.7,36.2,7%
11/1/06,1:00,187,2,187.083333,7/6/22,DOY 187: 07/06,202.3,131.2,318,181.1,140.6,707.1,307.8,559.8,333.6,499.1,847.7,867.6,1,1,0,1,3,566.7,223.2,39%
11/1/07,4:00,187,5,187.208333,7/6/22,DOY 187: 07/06,267.7,21.2,493.7,135.1,183,257,133.1,9.8,288.9,628.8,440,142.9,1,1,0,1,3,353.5,203.6,58%
11/1/08,7:00,187,8,187.333333,7/6/22,DOY 187: 07/06,88.6,10.3,203.1,85.7,66.6,69,111.2,43.9,98.8,288.8,135.6,155.1,1,1,1,1,4,169.6,71.7,42%
11/2/01,7:00,209,8,209.333333,7/28/22,DOY 209: 07/28,563.5,28.6,884.1,97.6,1299.8,71.6,348.7,2.2,592.2,981.7,1371.4,350.9,1,1,1,1,4,824,387.9,47%
11/2/02,13:00,209,13,209.541667,7/28/22,DOY 209: 07/28,843.6,116.8,829.2,47.7,557.5,85.6,382.2,59.3,960.4,876.9,643.1,441.5,1,1,1,1,4,730.5,203.4,28%
11/3/01,7:00,236,8,236.333333,8/24/22,DOY 236: 08/24,284.9,104.3,231.2,84,400.8,146,158.2,132.5,389.2,315.2,546.9,290.7,1,1,0,1,3,331.7,41.9,13%
11/3/02,13:00,236,13,236.541667,8/24/22,DOY 236: 08/24,304.8,62.5,278.6,113.2,283.1,234.4,181.9,186.3,367.4,391.9,517.4,368.2,1,1,0,1,3,375.8,11.4,3%
11/3/03,19:00,236,20,236.833333,8/24/22,DOY 236: 08/24,139.8,334.2,284.4,128.2,330.1,191.4,108.5,113.8,474,412.6,521.5,222.3,1,1,0,1,3,369.6,107.2,29%
11/4/01,7:00,258,8,258.333333,9/15/22,DOY 258: 09/15,390.7,-1.5,560,31.8,428.3,80,102.7,38.6,389.2,591.9,508.3,141.3,1,1,0,1,3,374.1,184.3,49%
11/4/02,13:00,258,13,258.541667,9/15/22,DOY 258: 09/15,310.9,-5.6,697.3,5.4,218.8,110.2,229.3,290.1,305.3,702.7,329,519.4,0,1,0,1,2,611.1,91.7,15%
11/4/03,19:00,258,20,258.833333,9/15/22,DOY 258: 09/15,311.8,-1.1,492.4,23.8,633.4,59.7,322.2,74.8,310.7,516.2,693.1,397,0,1,0,1,2,456.6,59.6,13%
11/5/01,12:00,278,12,278.5,10/5/22,DOY 278: 10/05,16.4,-4.8,61,36.9,59.1,154.9,14.6,0,11.5,97.9,214,14.6,0,0,0,1,1,14.6,0,0%